id,nome,email,telefone,cep,data_nascimento,genero
1,emanuelly vieira,emanuelly.vieira@email.com,+55 (75) 99576 0226,12345-678,18-12-1954,F
2,isis pastor,isis.pastor@email.com,+55 (072) 97218 4567,54321-123,25-09-1948,F
3,raquel souza,raquel.souza@email.com,+55 (034) 93630-4636,98765-432,13-10-1962,F
4,maria silveira,maria.silveira@email.com,+55 (003) 93431-9102,98765-432,26-07-1988,F
5,cauã monteiro,cauã.monteiro@email.com,+55 (089) 97393-9187,98765-432,17-02-1954,M
6,joão viana,joão.viana@email.com,+55 (012) 96379 5552,98765-432,25-02-1937,M
7,emanuella mendonça,emanuella.mendonça@email.com,+55 (81) 97328 4084,54321-123,11-10-1983,F
8,lorenzo aparecida,lorenzo.aparecida@email.com,+55 41 9 8738 7272,98765-432,08-12-1967,M
9,ana correia,ana.correia@email.com,+55 10 92463-5286,54321-123,20-10-1963,F
10,milena machado,milena.machado@email.com,+55 80 99401 6500,54321-123,24-02-1983,F
11,davi rocha,davi.rocha@email.com,+55 (004) 98321 3950,98765-432,01-04-1959,M
12,cauã fonseca,cauã.fonseca@email.com,+55 85 9 2936-1792,54321-123,24-04-1980,M
13,zoe montenegro,zoe.montenegro@email.com,+55 68 9 2900-8339,54321-123,11-09-1984,F
14,ravi garcia,ravi.garcia@email.com,+55 (089) 90999-8194,98765-432,08-12-1995,M
15,yuri lima,yuri.lima@email.com,+55 04 9 0354-9556,54321-123,31-03-1997,M
16,gustavo dias,gustavo.dias@email.com,+55 (000) 93712 4303,54321-123,07-07-1986,M
17,diego oliveira,diego.oliveira@email.com,+55 67 9 6094-9144,98765-432,12-10-1998,M
18,paulo vieira,paulo.vieira@email.com,+55 (072) 96801 9385,98765-432,10-12-1961,M
19,maria sá,maria.sá@email.com,+55 16 9 5789-1987,98765-432,07-10-1974,F
20,gustavo novaes,gustavo.novaes@email.com,+55 57 96841-3019,98765-432,04-05-1980,M
21,maitê barbosa,maitê.barbosa@email.com,+55 (051) 98663 7237,12345-678,07-08-1964,F
22,mathias peixoto,mathias.peixoto@email.com,+55 (060) 98148-9596,12345-678,20-12-1996,M
23,leonardo leão,leonardo.leão@email.com,+55 (94) 9 1471-4144,12345-678,05-07-1973,M
24,vinicius vargas,vinicius.vargas@email.com,+55 (15) 9 4224-0641,54321-123,29-11-1973,M
25,vitor albuquerque,vitor.albuquerque@email.com,+55 (048) 96020 1210,98765-432,17-06-1977,M
26,nicole brito,nicole.brito@email.com,+55 (30) 9 1727 0569,12345-678,13-07-1983,F
27,yago vasconcelos,yago.vasconcelos@email.com,+55 (51) 98590 6988,54321-123,19-11-2004,M
28,augusto monteiro,augusto.monteiro@email.com,+55 (28) 97462-7978,54321-123,17-03-1936,M
29,joão mendes,joão.mendes@email.com,+55 (61) 9 2851-7696,12345-678,25-04-1953,M
30,júlia viana,júlia.viana@email.com,+55 83 96002 4745,12345-678,03-03-1969,F
31,maria sales,maria.sales@email.com,+55 13 9 5187-6086,98765-432,11-06-1994,F
32,antônio sales,antônio.sales@email.com,+55 76 95133-3245,98765-432,20-12-1990,M
33,hadassa carvalho,hadassa.carvalho@email.com,+55 36 9 4799-8535,98765-432,12-03-1947,F
34,heitor duarte,heitor.duarte@email.com,+55 81 9 1798 9351,54321-123,18-06-1947,M
35,pedro barbosa,pedro.barbosa@email.com,+55 (021) 97913 0650,98765-432,01-11-1988,M
36,enrico lopes,enrico.lopes@email.com,+55 (59) 96916-1587,98765-432,24-01-1991,M
37,gustavo duarte,gustavo.duarte@email.com,+55 90 9 0629-8575,98765-432,18-03-1973,M
38,maria dias,maria.dias@email.com,+55 86 9 5157-4357,98765-432,11-10-1983,F
39,ayla moura,ayla.moura@email.com,+55 (075) 94935-1996,12345-678,13-10-1978,F
40,carlos viana,carlos.viana@email.com,+55 (76) 96590 5141,54321-123,21-12-1942,M
41,letícia nogueira,letícia.nogueira@email.com,+55 (028) 93816-7245,98765-432,26-11-1939,F
42,valentim cruz,valentim.cruz@email.com,+55 50 96873-3117,54321-123,03-06-1949,M
43,davi siqueira,davi.siqueira@email.com,+55 79 9 6862-1021,54321-123,24-04-1957,M
44,thomas mota,thomas.mota@email.com,+55 (98) 9 4403 8727,54321-123,08-01-1972,M
45,otávio cunha,otávio.cunha@email.com,+55 99 9 6753 8007,98765-432,28-12-1941,M
46,carolina peixoto,carolina.peixoto@email.com,+55 (35) 99640 0548,54321-123,01-12-1981,F
47,maria pacheco,maria.pacheco@email.com,+55 (043) 94449 0147,12345-678,21-07-1997,F
48,sarah araújo,sarah.araújo@email.com,+55 52 97456 5965,54321-123,23-12-1977,F
49,thiago martins,thiago.martins@email.com,+55 (013) 97168-3793,98765-432,24-05-1941,M
50,emanuelly montenegro,emanuelly.montenegro@email.com,+55 (24) 94186-7553,98765-432,08-04-1963,F
51,alexandre martins,alexandre.martins@email.com,+55 (75) 9 7739 8097,54321-123,02-01-1947,M
52,lucas peixoto,lucas.peixoto@email.com,+55 (89) 90455 8169,98765-432,30-04-1996,M
53,gabrielly paz,gabrielly.paz@email.com,+55 (020) 90718 7682,54321-123,15-03-2003,F
54,milena cirino,milena.cirino@email.com,+55 (011) 93877 2861,12345-678,09-08-1967,F
55,danilo gomes,danilo.gomes@email.com,+55 (062) 99213-0995,54321-123,05-03-1937,M
56,sabrina castro,sabrina.castro@email.com,+55 (90) 9 4801 3910,54321-123,25-02-1982,F
57,marcos silva,marcos.silva@email.com,+55 (017) 99648 6805,98765-432,27-10-1977,M
58,valentim nunes,valentim.nunes@email.com,+55 38 9 7037-7006,12345-678,21-09-1939,M
59,caleb neves,caleb.neves@email.com,+55 31 9 5855 7503,12345-678,03-02-1983,M
60,caleb porto,caleb.porto@email.com,+55 78 9 3184 8066,98765-432,30-10-2001,M
61,luna brito,luna.brito@email.com,+55 16 96549-6891,98765-432,30-05-1956,F
62,oliver fernandes,oliver.fernandes@email.com,+55 59 96162 0159,98765-432,25-07-1941,M
63,noah mendonça,noah.mendonça@email.com,+55 33 95995 4336,98765-432,28-07-1989,M
64,luiz barros,luiz.barros@email.com,+55 (28) 9 5241-5622,98765-432,23-04-1998,M
65,emanuelly cirino,emanuelly.cirino@email.com,+55 (86) 9 2150-4833,54321-123,15-05-1987,F
66,alana martins,alana.martins@email.com,+55 (55) 93903 1778,54321-123,27-09-1970,F
67,noah jesus,noah.jesus@email.com,+55 (60) 9 4004-9316,12345-678,04-03-1940,M
68,benício neves,benício.neves@email.com,+55 (74) 96138-8834,54321-123,21-11-1946,M
69,bruno fonseca,bruno.fonseca@email.com,+55 (093) 96241-0599,54321-123,08-10-1999,M
70,isabel sousa,isabel.sousa@email.com,+55 (16) 9 6327 1194,54321-123,14-10-1963,F
71,pietra pastor,pietra.pastor@email.com,+55 (060) 97908-3303,98765-432,09-04-1994,F
72,miguel duarte,miguel.duarte@email.com,+55 (42) 9 2774-6543,12345-678,19-07-1945,M
73,matteo abreu,matteo.abreu@email.com,+55 (03) 99611-7012,98765-432,11-03-1938,M
74,caroline andrade,caroline.andrade@email.com,+55 04 91662 0369,54321-123,17-03-1937,F
75,elisa azevedo,elisa.azevedo@email.com,+55 (082) 95059 4497,54321-123,03-05-1970,F
76,theo conceição,theo.conceição@email.com,+55 (010) 94081 0760,98765-432,10-12-1982,M
77,pietra novais,pietra.novais@email.com,+55 64 94492 5771,12345-678,14-08-1952,F
78,thales caldeira,thales.caldeira@email.com,+55 (92) 97202 0579,54321-123,23-10-2001,M
79,enzo correia,enzo.correia@email.com,+55 41 92099-8784,54321-123,31-12-2003,M
80,rodrigo paz,rodrigo.paz@email.com,+55 84 90365-8053,12345-678,18-08-1977,M
81,josué rodrigues,josué.rodrigues@email.com,+55 13 9 1851-7168,12345-678,08-11-1985,M
82,milena conceição,milena.conceição@email.com,+55 (78) 9 9707-8465,12345-678,07-07-1978,F
83,ana sousa,ana.sousa@email.com,+55 (72) 9 0537-4272,98765-432,28-12-1982,F
84,thomas rezende,thomas.rezende@email.com,+55 34 9 8643-1040,98765-432,19-02-1939,M
85,matteo rocha,matteo.rocha@email.com,+55 74 98362 1770,98765-432,03-02-1951,M
86,maria monteiro,maria.monteiro@email.com,+55 (061) 92113 9412,98765-432,13-04-1991,F
87,aylla silveira,aylla.silveira@email.com,+55 (031) 94032-2016,98765-432,07-11-2003,F
88,marcos conceição,marcos.conceição@email.com,+55 (50) 9 7412-6652,98765-432,24-08-1937,M
89,oliver camargo,oliver.camargo@email.com,+55 64 9 6733-0504,12345-678,10-12-1965,M
90,ana nunes,ana.nunes@email.com,+55 46 9 6203 7467,54321-123,12-01-1957,F
91,carlos duarte,carlos.duarte@email.com,+55 38 92068-8428,98765-432,17-08-1954,M
92,luna mendes,luna.mendes@email.com,+55 54 97044 3932,54321-123,08-11-1946,F
93,emanuelly moura,emanuelly.moura@email.com,+55 09 97285 2637,12345-678,09-09-1966,F
94,mateus mata,mateus.mata@email.com,+55 25 9 2705 5731,12345-678,30-09-1966,M
95,lucca sampaio,lucca.sampaio@email.com,+55 (67) 9 1007-7972,12345-678,26-10-1988,M
96,enzo carvalho,enzo.carvalho@email.com,+55 (99) 9 9088-9358,12345-678,23-02-1994,M
97,alexia novais,alexia.novais@email.com,+55 (58) 92989-7874,98765-432,27-01-1973,F
98,otto ramos,otto.ramos@email.com,+55 (80) 90962 2884,54321-123,17-05-1995,M
99,heloísa farias,heloísa.farias@email.com,+55 12 9 7563 3381,98765-432,02-05-2007,F
100,vitor vargas,vitor.vargas@email.com,+55 79 93912-9088,54321-123,22-12-1974,M
101,vitor caldeira,vitor.caldeira@email.com,+55 (57) 91258-9484,54321-123,24-10-1968,M
102,alexia jesus,alexia.jesus@email.com,+55 25 9 0257-8457,12345-678,29-03-1950,F
103,maria montenegro,maria.montenegro@email.com,+55 (00) 91777-8583,54321-123,15-06-1952,F
104,joão costela,joão.costela@email.com,+55 (092) 93026 4131,98765-432,05-09-1992,M
105,cecília alves,cecília.alves@email.com,+55 (83) 9 8360-1855,98765-432,13-04-1993,F
106,alana freitas,alana.freitas@email.com,+55 (01) 9 5208 0186,98765-432,23-10-1971,F
107,juan andrade,juan.andrade@email.com,+55 62 91298 2979,98765-432,19-06-1957,M
108,kamilly sales,kamilly.sales@email.com,+55 09 9 2629 1283,98765-432,06-02-1987,F
109,josué ramos,josué.ramos@email.com,+55 (08) 96240-6686,54321-123,14-08-1936,M
110,maria sampaio,maria.sampaio@email.com,+55 04 9 6067 1511,54321-123,22-05-1948,F
111,maria cunha,maria.cunha@email.com,+55 (00) 90936 7962,98765-432,06-07-1960,F
112,maria sá,maria.sá@email.com,+55 (24) 94245-4737,54321-123,11-08-1957,F
113,benício siqueira,benício.siqueira@email.com,+55 (79) 9 6903 8936,98765-432,20-04-1961,M
114,rebeca pinto,rebeca.pinto@email.com,+55 (81) 9 8190 2734,12345-678,20-05-1965,F
115,maria rodrigues,maria.rodrigues@email.com,+55 (022) 92934-4501,98765-432,02-01-1949,F
116,joão pimenta,joão.pimenta@email.com,+55 (25) 9 6123-0120,98765-432,11-06-1958,M
117,carolina almeida,carolina.almeida@email.com,+55 (065) 92701 8381,54321-123,23-06-1985,F
118,joão nascimento,joão.nascimento@email.com,+55 (52) 98957 1168,98765-432,13-09-1973,M
119,pedro machado,pedro.machado@email.com,+55 (64) 9 2268-4448,54321-123,08-04-1954,M
120,igor pastor,igor.pastor@email.com,+55 53 9 8907 6755,54321-123,14-02-1958,M
121,levi gomes,levi.gomes@email.com,+55 34 96060 1016,98765-432,24-01-1963,M
122,davi guerra,davi.guerra@email.com,+55 (069) 97246-5320,54321-123,16-04-1955,M
123,renan cirino,renan.cirino@email.com,+55 (004) 91635 7601,54321-123,10-11-1948,M
124,henry rocha,henry.rocha@email.com,+55 (52) 9 0117-2466,54321-123,19-09-1990,M
125,raul santos,raul.santos@email.com,+55 (033) 98652-0451,98765-432,21-02-1975,M
126,enrico leão,enrico.leão@email.com,+55 55 9 3648 2554,54321-123,30-03-1956,M
127,heloisa abreu,heloisa.abreu@email.com,+55 55 99661 2506,98765-432,03-05-1997,F
128,theo mendes,theo.mendes@email.com,+55 (19) 9 4999 4923,12345-678,21-10-1968,M
129,augusto farias,augusto.farias@email.com,+55 (065) 98537 1105,12345-678,10-10-1989,M
130,nathan correia,nathan.correia@email.com,+55 (77) 95988-8800,54321-123,31-10-2003,M
131,ana peixoto,ana.peixoto@email.com,+55 90 9 0865-7687,98765-432,19-03-1995,F
132,isabel leão,isabel.leão@email.com,+55 (46) 92620 9138,12345-678,07-03-1965,F
133,laura pinto,laura.pinto@email.com,+55 40 90269-4225,98765-432,05-11-1998,F
134,joão silveira,joão.silveira@email.com,+55 08 9 7377 8518,98765-432,09-05-1982,M
135,levi costela,levi.costela@email.com,+55 (00) 98162 6376,54321-123,10-07-1985,M
136,enzo cirino,enzo.cirino@email.com,+55 26 95761 7288,12345-678,15-07-2000,M
137,ana teixeira,ana.teixeira@email.com,+55 (54) 90096 3816,54321-123,03-04-1938,F
138,mathias luz,mathias.luz@email.com,+55 70 96141 2925,98765-432,15-10-1944,M
139,pedro aragão,pedro.aragão@email.com,+55 (89) 96788 3427,12345-678,26-11-2000,M
140,calebe brito,calebe.brito@email.com,+55 58 9 3107 8269,54321-123,16-03-1956,M
141,matheus peixoto,matheus.peixoto@email.com,+55 38 9 0376-1010,54321-123,28-08-1980,M
142,rebeca rezende,rebeca.rezende@email.com,+55 19 99115-9342,12345-678,09-01-1947,F
143,agatha peixoto,agatha.peixoto@email.com,+55 (96) 9 5496-4114,12345-678,01-04-2000,F
144,vicente sousa,vicente.sousa@email.com,+55 32 92633-0371,54321-123,27-09-1967,M
145,raquel rocha,raquel.rocha@email.com,+55 (00) 9 7184 9186,98765-432,13-11-1974,F
146,amanda cunha,amanda.cunha@email.com,+55 (052) 91090 3671,98765-432,19-09-1943,F
147,bella pacheco,bella.pacheco@email.com,+55 58 98444-9206,98765-432,05-08-1989,F
148,luiz mata,luiz.mata@email.com,+55 26 9 2948-8021,98765-432,26-07-1997,M
149,pietra jesus,pietra.jesus@email.com,+55 (054) 97841-9274,98765-432,16-07-1976,F
150,davi luz,davi.luz@email.com,+55 (24) 9 1816 1048,12345-678,27-11-1939,M
151,arthur mendonça,arthur.mendonça@email.com,+55 (90) 92627 6897,54321-123,28-10-1994,M
152,maria moura,maria.moura@email.com,+55 (70) 9 5797 0095,54321-123,26-09-1962,F
153,apollo aparecida,apollo.aparecida@email.com,+55 (12) 92838 7073,98765-432,29-04-1990,M
154,bryan cunha,bryan.cunha@email.com,+55 (04) 96632 3727,98765-432,15-04-1959,M
155,zoe rodrigues,zoe.rodrigues@email.com,+55 94 90302-0279,98765-432,03-03-1977,F
156,marina santos,marina.santos@email.com,+55 06 99550-0305,98765-432,15-07-1990,F
157,marcela siqueira,marcela.siqueira@email.com,+55 (019) 90887-9620,54321-123,08-02-1959,F
158,maria sales,maria.sales@email.com,+55 35 94571-7397,98765-432,30-11-1964,F
159,cauã silva,cauã.silva@email.com,+55 37 97264 0028,54321-123,29-03-1998,M
160,ana silva,ana.silva@email.com,+55 94 9 2398-3168,98765-432,08-03-1951,F
161,cauã araújo,cauã.araújo@email.com,+55 28 95212-9017,12345-678,22-07-1974,M
162,pedro pinto,pedro.pinto@email.com,+55 98 96484 5511,12345-678,15-05-1972,M
163,rebeca pacheco,rebeca.pacheco@email.com,+55 (077) 90151 3353,54321-123,22-03-1987,F
164,rael peixoto,rael.peixoto@email.com,+55 24 92669-0641,54321-123,30-05-1956,M
165,gabriel rocha,gabriel.rocha@email.com,+55 49 93970 7156,98765-432,11-08-1989,M
166,pedro costa,pedro.costa@email.com,+55 (95) 9 5378-9866,98765-432,11-06-1959,M
167,leonardo brito,leonardo.brito@email.com,+55 (73) 9 9792-3134,12345-678,04-11-1938,M
168,lucas caldeira,lucas.caldeira@email.com,+55 38 9 6274 2476,98765-432,28-02-1969,M
169,mariah campos,mariah.campos@email.com,+55 (79) 95104 3598,12345-678,24-12-1945,F
170,maria almeida,maria.almeida@email.com,+55 91 9 1339 6376,98765-432,21-10-1994,F
171,josé mendonça,josé.mendonça@email.com,+55 (63) 96059-5524,54321-123,30-07-1996,M
172,amanda peixoto,amanda.peixoto@email.com,+55 (69) 9 6300 8461,12345-678,29-06-1992,F
173,lucca costela,lucca.costela@email.com,+55 (34) 9 1829-4399,54321-123,22-08-1958,M
174,maria nascimento,maria.nascimento@email.com,+55 (27) 94126 2325,12345-678,06-08-1971,F
175,maria câmara,maria.câmara@email.com,+55 (00) 94213 8390,54321-123,18-09-1961,F
176,eloah paz,eloah.paz@email.com,+55 (42) 9 9444 2048,12345-678,26-03-1942,F
177,joão cavalcanti,joão.cavalcanti@email.com,+55 (73) 94193-0871,98765-432,01-09-1988,M
178,antonella santos,antonella.santos@email.com,+55 36 93365-6513,54321-123,15-07-1994,F
179,levi barbosa,levi.barbosa@email.com,+55 (94) 9 1014 4099,54321-123,29-12-1951,M
180,eduardo cavalcanti,eduardo.cavalcanti@email.com,+55 66 92012 4001,98765-432,23-11-2000,M
181,clara barros,clara.barros@email.com,+55 (38) 91842-1092,98765-432,29-06-1935,F
182,maitê caldeira,maitê.caldeira@email.com,+55 37 90775 0490,54321-123,18-11-1958,F
183,maria siqueira,maria.siqueira@email.com,+55 78 9 6760-4004,98765-432,24-03-1974,F
184,pedro abreu,pedro.abreu@email.com,+55 69 9 1220 0060,98765-432,30-04-1998,M
185,nathan barbosa,nathan.barbosa@email.com,+55 86 90552-7646,54321-123,26-07-1978,M
186,pietro freitas,pietro.freitas@email.com,+55 (049) 94475 5339,98765-432,08-10-1985,M
187,sarah mata,sarah.mata@email.com,+55 36 9 2370-1997,54321-123,21-07-1975,F
188,milena rocha,milena.rocha@email.com,+55 98 96210 9784,12345-678,19-09-1956,F
189,thiago costa,thiago.costa@email.com,+55 (020) 90568 2131,12345-678,15-10-1997,M
190,josé moura,josé.moura@email.com,+55 (050) 96385 4014,98765-432,05-07-1966,M
191,valentina cruz,valentina.cruz@email.com,+55 34 9 7338-8037,12345-678,09-02-2007,F
192,lívia costela,lívia.costela@email.com,+55 45 9 5979 2342,12345-678,08-07-1967,F
193,luna mata,luna.mata@email.com,+55 (31) 9 8961-3895,12345-678,08-06-1998,F
194,pietro sousa,pietro.sousa@email.com,+55 86 96447-6397,98765-432,06-11-2000,M
195,valentim sales,valentim.sales@email.com,+55 (43) 97925 5200,54321-123,06-10-1956,M
196,bernardo peixoto,bernardo.peixoto@email.com,+55 (38) 99296 3305,54321-123,25-11-1960,M
197,ágatha ribeiro,ágatha.ribeiro@email.com,+55 10 9 2127 8924,98765-432,28-04-1937,F
198,ágatha moreira,ágatha.moreira@email.com,+55 (042) 99626-9693,98765-432,26-08-1992,F
199,maria peixoto,maria.peixoto@email.com,+55 (044) 90985 2471,98765-432,28-10-1937,F
